[Header],,,,,,,,
IEMFileVersion,3,,,,,,,
Investigator Name,Beth,,,,,,,
Project Name,mousegestalt,,,,,,,
Experiment Name,sciRNAseq3,,,,,,,
Date,9/8/2019,,,,,,,
Workflow,Resequencing,,,,,,,
Assay,TruSeq DNA/RNA,,,,,,,
Description,,,,,,,,
Chemistry,Default,,,,,,,
[Reads],,,,,,,,
34,,,,,,,,
48,,,,,,,,
[Settings],,,,,,,,
OnlyGenerateFASTQ,0,,,,,,,
[Data],,,,,,,,
Sample_ID,Sample_Name,Sample_Plate,Sample_Well,Sample_Project,Description,index,index2,GenomeFolder
P1-01A,,,,,,TCGGATTCGG,put p5 plate indexes here,C:\Illumina\MiSeq Reporter\Genomes\PhiX\Illumina\RTA\Sequence\Chromosomes
P1-01B,,,,,,TCCGGCTTAT,,
P1-01C,,,,,,TCGCCGCCGG,,
P1-01D,,,,,,TTGGCAAGCC,,
P1-01E,,,,,,CAGCTAGCGG,,
P1-01F,,,,,,GTAGGATAAG,,
P1-01G,,,,,,AAGTAGCTCA,,
P1-01H,,,,,,TAAGTCCTGA,,
P1-02A,,,,,,GCGGCTGCGG,,
P1-02B,,,,,,ACCAGGCGCA,,
P1-02C,,,,,,CCGTATGATT,,
P1-02D,,,,,,TTGATTGGCG,,
P1-02E,,,,,,CTAAGCCTTG,,
P1-02F,,,,,,CGTCGAGCGC,,
P1-02G,,,,,,TATTGCTGGA,,
P1-02H,,,,,,AGTTCTCATG,,
P1-03A,,,,,,AGATTACGTT,,
P1-03B,,,,,,AGAGGAGAAT,,
P1-03C,,,,,,AACGCGCAGA,,
P1-03D,,,,,,GCATATGAGC,,
P1-03E,,,,,,CGTTACCGCT,,
P1-03F,,,,,,ACTATTCATT,,
P1-03G,,,,,,CCAGATACGG,,
P1-03H,,,,,,CAGACTAAGG,,
P1-04A,,,,,,CTAACTAGGT,,
P1-04B,,,,,,GTACTCCTAT,,
P1-04C,,,,,,CTCGTCGTAG,,
P1-04D,,,,,,GAACTCGACT,,
P1-04E,,,,,,GACTGGACCA,,
P1-04F,,,,,,TTGCTTAGAT,,
P1-04G,,,,,,AACGAATTCG,,
P1-04H,,,,,,TCTATCGCTG,,
P1-05A,,,,,,CATAGCGACC,,
P1-05B,,,,,,GCTAACGGAT,,
P1-05C,,,,,,CTAATTGCGA,,
P1-05D,,,,,,CTAGCCAGCC,,
P1-05E,,,,,,GCAAGACCGT,,
P1-05F,,,,,,CGAATGGAGC,,
P1-05G,,,,,,CGCTTATCGT,,
P1-05H,,,,,,GCGCTATGGT,,
P1-06A,,,,,,CCGCTAAGAG,,
P1-06B,,,,,,AGTTGAATCA,,
P1-06C,,,,,,CGCGGCCATA,,
P1-06D,,,,,,TGCGACCTCT,,
P1-06E,,,,,,TCAATCTCCT,,
P1-06F,,,,,,CTATATAGCC,,
P1-06G,,,,,,AAGTACGCGA,,
P1-06H,,,,,,CATTATTATT,,
P1-07A,,,,,,ATGGAACGAA,,
P1-07B,,,,,,TGATTAGGTA,,
P1-07C,,,,,,AATATTACTT,,
P1-07D,,,,,,ATTCTTAGCT,,
P1-07E,,,,,,ATACCTCGAC,,
P1-07F,,,,,,CTACTAATAA,,
P1-07G,,,,,,GATCTTCGCA,,
P1-07H,,,,,,AGCCGTAGTT,,
P1-08A,,,,,,GCGTTCCGTT,,
P1-08B,,,,,,TCGTAGCATC,,
P1-08C,,,,,,ATTGGCAGAT,,
P1-08D,,,,,,TTGATACGAT,,
P1-08E,,,,,,TAGAGGCGTT,,
P1-08F,,,,,,TGGTTGCCGT,,
P1-08G,,,,,,TCTTAGCCTG,,
P1-08H,,,,,,TGATATTGCG,,
P1-09A,,,,,,GGTTATCGAA,,
P1-09B,,,,,,TCTTGAGGTT,,
P1-09C,,,,,,ATGGCGCCTG,,
P1-09D,,,,,,TATAATAGTT,,
P1-09E,,,,,,TAGGTAACTT,,
P1-09F,,,,,,TCCTCTGCCG,,
P1-09G,,,,,,TTATTGAGGC,,
P1-09H,,,,,,ACGGCGTTAA,,
P1-10A,,,,,,GCATCGTATG,,
P1-10B,,,,,,AGGTCAGCTT,,
P1-10C,,,,,,ATAAGGACTC,,
P1-10D,,,,,,TTGCCGTAGG,,
P1-10E,,,,,,TTCGAATATT,,
P1-10F,,,,,,GATTCTTGAA,,
P1-10G,,,,,,TTGCGAGCAT,,
P1-10H,,,,,,GGCTTACTCC,,
P1-11A,,,,,,AATACGATAA,,
P1-11B,,,,,,TATTAGACTT,,
P1-11C,,,,,,TAGTAAGCCG,,
P1-11D,,,,,,AGACCATATC,,
P1-11E,,,,,,TGGACGACTA,,
P1-11F,,,,,,GTAGCAGCTA,,
P1-11G,,,,,,GCTTGAAGAG,,
P1-11H,,,,,,GCGCGTTCAT,,
P1-12A,,,,,,TTCCGTCGAC,,
P1-12B,,,,,,CTCAATTAGT,,
P1-12C,,,,,,ATTATGCAAG,,
P1-12D,,,,,,TTGGTAAGGA,,
P1-12E,,,,,,GTAGGCTGCA,,
P1-12F,,,,,,CCTCAGCTCC,,
P1-12G,,,,,,AGTCCGCTGC,,
P1-12H,,,,,,GAGCGCGATG,,
P2-01A,,,,,,GTCGCCAACC,,
P2-01B,,,,,,AACGATCTAC,,
P2-01C,,,,,,AACCGACCTC,,
P2-01D,,,,,,AGGAGCGCGT,,
P2-01E,,,,,,ATACGACGCT,,
P2-01F,,,,,,CGCATTGGTC,,
P2-01G,,,,,,AGCTCTACCT,,
P2-01H,,,,,,AATGCTGCAA,,
P2-02A,,,,,,GCGCATCTAC,,
P2-02B,,,,,,GCCTTACCGA,,
P2-02C,,,,,,AGTCTATCGT,,
P2-02D,,,,,,GATTGGCCGC,,
P2-02E,,,,,,CGATACGCGT,,
P2-02F,,,,,,TTGAGTCATG,,
P2-02G,,,,,,TTGGCGGAGT,,
P2-02H,,,,,,CATTCAACGT,,
P2-03A,,,,,,TCGCAGTCCT,,
P2-03B,,,,,,GGCGTCGAGT,,
P2-03C,,,,,,TTATGATAGG,,
P2-03D,,,,,,TGACCGGATT,,
P2-03E,,,,,,TGGTTAATAG,,
P2-03F,,,,,,ACGCTGGATC,,
P2-03G,,,,,,TAGAGTCTCA,,
P2-03H,,,,,,TCGACTCCGC,,
P2-04A,,,,,,AATAAGCCTC,,
P2-04B,,,,,,ATGCCTGGCG,,
P2-04C,,,,,,AACTGGTATT,,
P2-04D,,,,,,CAATAACCGC,,
P2-04E,,,,,,TGGCTGGATG,,
P2-04F,,,,,,TAAGGCAGCC,,
P2-04G,,,,,,CTCTATAGAA,,
P2-04H,,,,,,CTTGACTAGA,,
P2-05A,,,,,,TATTCTCCGT,,
P2-05B,,,,,,TTAAGTTAAT,,
P2-05C,,,,,,TCTCAATACG,,
P2-05D,,,,,,TTGCTGGCTA,,
P2-05E,,,,,,ACGACGCCGA,,
P2-05F,,,,,,TATATCAGGC,,
P2-05G,,,,,,ATGCTGAGGC,,
P2-05H,,,,,,GAACCTAGAT,,
P2-06A,,,,,,CAACCTCGTC,,
P2-06B,,,,,,AACCAACCAG,,
P2-06C,,,,,,ACCTGCGCGG,,
P2-06D,,,,,,CCAGTAGAGT,,
P2-06E,,,,,,TGCTCTCAGG,,
P2-06F,,,,,,TTATACTGGT,,
P2-06G,,,,,,GACCGGCGGA,,
P2-06H,,,,,,AAGTTAGGCA,,
P2-07A,,,,,,TCTCAGAGAA,,
P2-07B,,,,,,TTGATGCAGG,,
P2-07C,,,,,,CCTCGTCAGA,,
P2-07D,,,,,,TTCCGGAATC,,
P2-07E,,,,,,CGTTATGCCA,,
P2-07F,,,,,,GGATGAGAGA,,
P2-07G,,,,,,AGGCAGCGAA,,
P2-07H,,,,,,GATAGAATCC,,
P2-08A,,,,,,GGCTATTCTA,,
P2-08B,,,,,,TGATTCGAGC,,
P2-08C,,,,,,ATCTCGAGCC,,
P2-08D,,,,,,ACGGAGAGGA,,
P2-08E,,,,,,GAACGGTTAT,,
P2-08F,,,,,,CCATAGACCT,,
P2-08G,,,,,,GGTTCTTGCT,,
P2-08H,,,,,,TTCATATCAA,,
P2-09A,,,,,,ACTTCTGCCA,,
P2-09B,,,,,,TCTAATGAAG,,
P2-09C,,,,,,GAGTTCGATT,,
P2-09D,,,,,,TGCGTCGTCC,,
P2-09E,,,,,,TTCATAGACG,,
P2-09F,,,,,,AGGAGATTCG,,
P2-09G,,,,,,TCGAATAGCC,,
P2-09H,,,,,,TACCGATAGA,,
P2-10A,,,,,,CATGCCTTCG,,
P2-10B,,,,,,TCTCTCAATT,,
P2-10C,,,,,,ATCCAACTAC,,
P2-10D,,,,,,ACCGCTTAGG,,
P2-10E,,,,,,ACTCCTTACG,,
P2-10F,,,,,,TAGGATGCTT,,
P2-10G,,,,,,GTCTCTTCAG,,
P2-10H,,,,,,TCCAGAAGCC,,
P2-11A,,,,,,GCGGATCGCT,,
P2-11B,,,,,,AGAGAAGCGT,,
P2-11C,,,,,,GATGGCATAT,,
P2-11D,,,,,,TAACGTACTT,,
P2-11E,,,,,,CTCCTCATTC,,
P2-11F,,,,,,TTACCGGCCT,,
P2-11G,,,,,,AGTTGATGGC,,
P2-11H,,,,,,ATCTACCAGT,,
P2-12A,,,,,,GAGAACTCAT,,
P2-12B,,,,,,GGTCCGATGG,,
P2-12C,,,,,,GGTAGATGCC,,
P2-12D,,,,,,TAGTAGAGAA,,
P2-12E,,,,,,AAGAGCCTGG,,
P2-12F,,,,,,CCTGATGGAT,,
P2-12G,,,,,,TTGCTCCGAG,,
P2-12H,,,,,,GTCAACCGCC,,
P3-01A,,,,,,CAAGTTCTCT,,
P3-01B,,,,,,GGAGCCGACT,,
P3-01C,,,,,,TACTCTGGTA,,
P3-01D,,,,,,TGAGGTCGGT,,
P3-01E,,,,,,GAGGTAGGAT,,
P3-01F,,,,,,ACGCCTTGCA,,
P3-01G,,,,,,GGCGCAGCAA,,
P3-01H,,,,,,TATAGCGCGG,,
P3-02A,,,,,,GGCTCCGTCC,,
P3-02B,,,,,,CGCAAGTATT,,
P3-02C,,,,,,GAGTCAATCC,,
P3-02D,,,,,,TTCGTAAGCT,,
P3-02E,,,,,,CGATGCATCA,,
P3-02F,,,,,,GCGAGATTAT,,
P3-02G,,,,,,GATACTGCTG,,
P3-02H,,,,,,TATTGGTCGT,,
P3-03A,,,,,,TACCTATCCG,,
P3-03B,,,,,,CGCGCTTCGA,,
P3-03C,,,,,,AGAGCTTACC,,
P3-03D,,,,,,GGAATTACCT,,
P3-03E,,,,,,TGAATGGTCT,,
P3-03F,,,,,,GGTCGATCAG,,
P3-03G,,,,,,GAGTAATTGC,,
P3-03H,,,,,,CGAACTCCTC,,
P3-04A,,,,,,atagccttaa,,
P3-04B,,,,,,ggttccaata,,
P3-04C,,,,,,cgccagcgta,,
P3-04D,,,,,,GATAGTACTA,,
P3-04E,,,,,,CGCCAAGTCG,,
P3-04F,,,,,,GGCCGAATAG,,
P3-04G,,,,,,TTCTTGGAAG,,
P3-04H,,,,,,TCCAGGATCG,,
P3-05A,,,,,,TAACGGAATA,,
P3-05B,,,,,,GGCGTACTAA,,
P3-05C,,,,,,GATGCTACGA,,
P3-05D,,,,,,AACTTAATAC,,
P3-05E,,,,,,TTCTAGAATG,,
P3-05F,,,,,,TTGATCTACC,,
P3-05G,,,,,,CGTAGGAGAT,,
P3-05H,,,,,,GCTTCTTCGT,,
P3-06A,,,,,,GGCTGATCGG,,
P3-06B,,,,,,AGGAAGCCAG,,
P3-06C,,,,,,CCATTATGAA,,
P3-06D,,,,,,TGCGTTCAAC,,
P3-06E,,,,,,TCAGCCGTTA,,
P3-06F,,,,,,GACGGACTTC,,
P3-06G,,,,,,GGCGGCGTAT,,
P3-06H,,,,,,AGCATCCAGT,,
P3-07A,,,,,,ATATTCGCTC,,
P3-07B,,,,,,ACTTCATATA,,
P3-07C,,,,,,CCGGTATCGT,,
P3-07D,,,,,,AGCGGTATGA,,
P3-07E,,,,,,ACGGTTAGCG,,
P3-07F,,,,,,GATGGATGCG,,
P3-07G,,,,,,AAGGAAGACG,,
P3-07H,,,,,,TAATAGCGTT,,
P3-08A,,,,,,ACCTATCTTA,,
P3-08B,,,,,,GCTATTATCA,,
P3-08C,,,,,,AATGGAGGCC,,
P3-08D,,,,,,ATCGGCGGCA,,
P3-08E,,,,,,ATAATAGGCA,,
P3-08F,,,,,,GACGTATCAG,,
P3-08G,,,,,,ATTCCAGGTC,,
P3-08H,,,,,,TCCGATCTGA,,
P3-09A,,,,,,ATTCCGCCTC,,
P3-09B,,,,,,GGATGCGCTG,,
P3-09C,,,,,,TCTTGGCATT,,
P3-09D,,,,,,ACGTAGACCA,,
P3-09E,,,,,,AGCGGCGACC,,
P3-09F,,,,,,ACTACTTGCT,,
P3-09G,,,,,,TGAACTTCTT,,
P3-09H,,,,,,GCCAGCGCCG,,
P3-10A,,,,,,AAGTTGACGA,,
P3-10B,,,,,,ATCCAAGTTG,,
P3-10C,,,,,,TGAGCTCCAA,,
P3-10D,,,,,,TTGAACTAAG,,
P3-10E,,,,,,TATAATTCAA,,
P3-10F,,,,,,GAAGCTGAAG,,
P3-10G,,,,,,TTCGGTATAC,,
P3-10H,,,,,,TATTATATCC,,
P3-11A,,,,,,ACGTCGATTC,,
P3-11B,,,,,,TTACCGTTCA,,
P3-11C,,,,,,CGCGCGACTT,,
P3-11D,,,,,,AGTAGGCGGA,,
P3-11E,,,,,,GAACTATTAA,,
P3-11F,,,,,,GATCCGGTTG,,
P3-11G,,,,,,GTTGCTCTAA,,
P3-11H,,,,,,TGGAATGACG,,
P3-12A,,,,,,TGCCTTCCTA,,
P3-12B,,,,,,TATAGGCCAA,,
P3-12C,,,,,,GAATAGACGC,,
P3-12D,,,,,,GTCTACTCTG,,
P3-12E,,,,,,CGTCCGGCAT,,
P3-12F,,,,,,AGATCGAATA,,
P3-12G,,,,,,TCGGATCCAT,,
P3-12H,,,,,,AATGCATTAT,,
P4-01A,,,,,,TAGTCTACTT,,
P4-01B,,,,,,ATGCTTCCAT,,
P4-01C,,,,,,GCCTGATCCA,,
P4-01D,,,,,,GCTAAGTAAC,,
P4-01E,,,,,,TTGCGGCGGT,,
P4-01F,,,,,,AGGACTTGAG,,
P4-01G,,,,,,TAGTCGACCG,,
P4-01H,,,,,,TTACGGCGAA,,
P4-02A,,,,,,CAAGCGGAGC,,
P4-02B,,,,,,TATCTTAAGT,,
P4-02C,,,,,,TGGCCATGCC,,
P4-02D,,,,,,TATACCGAAG,,
P4-02E,,,,,,GGCGAATCTC,,
P4-02F,,,,,,AACGGCCTAG,,
P4-02G,,,,,,ATCGTTGGCC,,
P4-02H,,,,,,CAGGTTCCGT,,
P4-03A,,,,,,ACGAGAATCA,,
P4-03B,,,,,,GTTGACGCAA,,
P4-03C,,,,,,GGTTGCATTC,,
P4-03D,,,,,,CTGAACCGCA,,
P4-03E,,,,,,GGTTGGCCAA,,
P4-03F,,,,,,GCTTAACCAA,,
P4-03G,,,,,,CGAACTTAAG,,
P4-03H,,,,,,TTCTGAGGAC,,
P4-04A,,,,,,AGACGACTCC,,
P4-04B,,,,,,TAGAGGTACC,,
P4-04C,,,,,,CTCAGCGATC,,
P4-04D,,,,,,GGAGTACTCT,,
P4-04E,,,,,,AATAGAATGA,,
P4-04F,,,,,,TGGTAGTAAC,,
P4-04G,,,,,,GGCGAGCTGG,,
P4-04H,,,,,,CATACCGGCG,,
P4-05A,,,,,,TACGAATTAA,,
P4-05B,,,,,,TGGAGCCTTC,,
P4-05C,,,,,,CGTACGTCTC,,
P4-05D,,,,,,GAGGCTCTTC,,
P4-05E,,,,,,TATGCATCGG,,
P4-05F,,,,,,ATACCATTAC,,
P4-05G,,,,,,TGAGATAGAA,,
P4-05H,,,,,,TAGCTGCTGC,,
P4-06A,,,,,,AATCGAGCAA,,
P4-06B,,,,,,GCCGATGAGG,,
P4-06C,,,,,,TTGCTGAAGT,,
P4-06D,,,,,,AGGATGACCT,,
P4-06E,,,,,,CTGACGCGTT,,
P4-06F,,,,,,GTAAGCATAG,,
P4-06G,,,,,,GAACGGCAAC,,
P4-06H,,,,,,GGCGGTAAGC,,
P4-07A,,,,,,TGACTTGCCA,,
P4-07B,,,,,,TCCTTCGATG,,
P4-07C,,,,,,CGAGGATTCT,,
P4-07D,,,,,,AACCGATTGC,,
P4-07E,,,,,,GAATCTTAGG,,
P4-07F,,,,,,CGCGCGCAGG,,
P4-07G,,,,,,TCGCGCTGAT,,
P4-07H,,,,,,AGAATCGTAC,,
P4-08A,,,,,,TGCAAGGTAA,,
P4-08B,,,,,,GCTGAGCCGG,,
P4-08C,,,,,,TCTTGCAGAA,,
P4-08D,,,,,,AAGCGTATAT,,
P4-08E,,,,,,GGTTGCTGAG,,
P4-08F,,,,,,CCTAGAATTG,,
P4-08G,,,,,,CGAGACTGAT,,
P4-08H,,,,,,GTTGCGGATT,,
P4-09A,,,,,,AAGGTAACCG,,
P4-09B,,,,,,GTCTTAACGT,,
P4-09C,,,,,,GGTTGGATAG,,
P4-09D,,,,,,ATTCGCTTAT,,
P4-09E,,,,,,CCGATATAAG,,
P4-09F,,,,,,GTCGTCATAT,,
P4-09G,,,,,,TATGCGGTAA,,
P4-09H,,,,,,GGCGATGAAT,,
P4-10A,,,,,,TTCTGCTTCT,,
P4-10B,,,,,,AACGACGAAC,,
P4-10C,,,,,,TGGAAGCATG,,
P4-10D,,,,,,CTGGTACCGA,,
P4-10E,,,,,,ATTGGCTCAA,,
P4-10F,,,,,,TCAGTCATCT,,
P4-10G,,,,,,CTTCTAGCGT,,
P4-10H,,,,,,GCAATTGAAC,,
P4-11A,,,,,,TTGACGGTCC,,
P4-11B,,,,,,TCCGTTAATG,,
P4-11C,,,,,,GGACTGCTTA,,
P4-11D,,,,,,AACTGACCGG,,
P4-11E,,,,,,AGTCCGTTAT,,
P4-11F,,,,,,ATCTTCTCGT,,
P4-11G,,,,,,TTAAGAGGAT,,
P4-11H,,,,,,TTATTGGATT,,
P4-12A,,,,,,ATCCTGCTAG,,
P4-12B,,,,,,TCCGAGACCA,,
P4-12C,,,,,,TAGTACTCGG,,
P4-12D,,,,,,CTTCGTCATC,,
P4-12E,,,,,,GAAGACTGCC,,
P4-12F,,,,,,TATTCGTATT,,
P4-12G,,,,,,TCTCCTAGGT,,
P4-12H,,,,,,TTGGCGCTTC,,
