LIGwell,LIGindex
P1-A01,ACTTGATTGT
P1-B01,TCTTAGTTCT
P1-C01,TAACGACTTT
P1-D01,TATCTCGATT
P1-E01,GGCGTTAAT
P1-F01,ACGTTGCTT
P1-G01,CGTACCTAT
P1-H01,GTCTATGGT
P1-A02,TAATCAGCTT
P1-B02,TCTATCCAAT
P1-C02,TTTGCTACTT
P1-D02,AAACTCCAAT
P1-E02,GGTACCATT
P1-F02,AGCGTAAGT
P1-G02,CTCGTTGAT
P1-H02,GAGTTCTCT
P1-A03,TAAGAATGGT
P1-B03,AATTCATCGT
P1-C03,TAAGGTTCAT
P1-D03,TCAAGATCTT
P1-E03,TTGACCAGT
P1-F03,TGCAAGGTT
P1-G03,CATCAACGT
P1-H03,TACTTGCGT
P1-A04,ACAACCTATT
P1-B04,TAGATGACTT
P1-C04,AGTATTAGCT
P1-D04,ATAACTTCCT
P1-E04,CGAATGAGT
P1-F04,CTTCGACTT
P1-G04,CAGCAAGTT
P1-H04,GATACGTCT
P1-A05,ATTCCTAGAT
P1-B05,AAATTCCTCT
P1-C05,ACAGGTATTT
P1-D05,AAGGATATGT
P1-E05,CAAGCAACT
P1-F05,TTATCCGCT
P1-G05,TCGAGAAGT
P1-H05,AGATCGGAT
P1-A06,TTGATTCCTT
P1-B06,ATTAGGTACT
P1-C06,TTCCATCTTT
P1-D06,TTACCTAAGT
P1-E06,TTCGTTCCT
P1-F06,AGAGTACCT
P1-G06,CCAAGGATT
P1-H06,TCAGCTTCT
P1-A07,AAGGATTACT
P1-B07,TGGTTGAATT
P1-C07,ATTGATCGTT
P1-D07,ATATCCTACT
P1-E07,TTGGAGCTT
P1-F07,CTGAGCATT
P1-G07,AAGGACGAT
P1-H07,TCGAAGGAT
P1-A08,TCCTATAAGT
P1-B08,AACTAGTTGT
P1-C08,TGAATCTGAT
P1-D08,ATTAGTCTGT
P1-E08,TAGGAAGGT
P1-F08,GCTCTTAGT
P1-G08,AACTGGCAT
P1-H08,GGTCAGTTT
P1-A09,TATAAGAGGT
P1-B09,TTCTTCGTTT
P1-C09,TAGAACCAAT
P1-D09,TGTCCTTATT
P1-E09,CAGTATCCT
P1-F09,TGCTGGATT
P1-G09,GATAAGCGT
P1-H09,TGATGCGAT
P1-A10,TATTCTCCTT
P1-B10,AAGTTCTTGT
P1-C10,TTCTCATTGT
P1-D10,TTGACTCAAT
P1-E10,CCTAATGGT
P1-F10,ACGCTTGAT
P1-G10,GCGTACTTT
P1-H10,CTGATAGGT
P1-A11,TAATACCAGT
P1-B11,ACTTACTCAT
P1-C11,ATATGGATCT
P1-D11,ATACCAGTTT
P1-E11,GAGGAACTT
P1-F11,CAGCATTGT
P1-G11,GGCTAAGAT
P1-H11,GTCTCTACT
P1-A12,TGGATTCTAT
P1-B12,ACCATGATTT
P1-C12,ATCAGTCATT
P1-D12,TCCTAACTTT
P1-E12,AGTCGCATT
P1-F12,ATGGTTGGT
P1-G12,CTGCCTTAT
P1-H12,GTCGTAACT
P2-A01,AAACCATAGT
P2-B01,AAGGCTACT
P2-C01,ACGATATCAT
P2-D01,AGAGCATGT
P2-E01,ATAAGCGAAT
P2-F01,ATGGTAACTT
P2-G01,CCAATCCAT
P2-H01,CGCTGCTTT
P2-A02,AAACTGAACT
P2-B02,AAGTACGTTT
P2-C02,ACGCTTATAT
P2-D02,AGAGGTCGT
P2-E02,ATAATCCTGT
P2-F02,ATTAATGCCT
P2-G02,CCAGCCTTT
P2-H02,CGGAACCTT
P2-A03,AAAGCTGATT
P2-B03,AAGTATTGGT
P2-C03,ACGGAACGT
P2-D03,AGATTCAACT
P2-E03,ATACTACTCT
P2-F03,ATTACCATCT
P2-G03,CCATCGTCT
P2-H03,CGGTAAGGT
P2-A04,AAATCGTTCT
P2-B04,AATACCGAAT
P2-C04,ACGTCTAGT
P2-D04,AGATTGGTTT
P2-E04,ATAGTTGACT
P2-F04,ATTCAAGCAT
P2-G04,CCGACCAAT
P2-H04,CGTAGGCTT
P2-A05,AACCTCATTT
P2-B05,AATCCAGTAT
P2-C05,ACTGAATACT
P2-D05,AGCATAACTT
P2-E05,ATATCTGGAT
P2-F05,ATTCGCAATT
P2-G05,CCGTCGATT
P2-H05,CGTCTTCCT
P2-A06,AACGAGCGT
P2-B06,AATTCTAGGT
P2-C06,ACTGGACCT
P2-D06,AGCATTATGT
P2-E06,ATATGCCATT
P2-F06,ATTCGGAGT
P2-G06,CCTGCAGTT
P2-H06,CGTTGATCT
P2-A07,AACGATCATT
P2-B07,ACAATGCTAT
P2-C07,ACTGGTTATT
P2-D07,AGCTATCGT
P2-E07,ATCAATACGT
P2-F07,ATTGAGGAAT
P2-G07,CCTGCTACT
P2-H07,CTAACGACT
P2-A08,AACGCGTCT
P2-B08,ACATGGTAAT
P2-C08,ACTTATGGTT
P2-D08,AGGATAATCT
P2-E08,ATCTGATGAT
P2-F08,CAACTCTCT
P2-G08,CGAAGACCT
P2-H08,CTACCTGGT
P2-A09,AACGTAATCT
P2-B09,ACATTCGTAT
P2-C09,ACTTCCGTT
P2-D09,AGGCGGAAT
P2-E09,ATCTTCAGAT
P2-F09,CAAGGCGTT
P2-G09,CGAGGCAAT
P2-H09,CTCCATCAT
P2-A10,AACTTGGATT
P2-B10,ACCGGTTCT
P2-C10,AGAACTCCT
P2-D10,AGGCTCGTT
P2-E10,ATGCATTCAT
P2-F10,CAGATCAGT
P2-G10,CGATTCGCT
P2-H10,CTCGCATGT
P2-A11,AAGACCTTAT
P2-B11,ACCTCAATAT
P2-C11,AGAAGTAAGT
P2-D11,AGTAGCCAT
P2-E11,ATGCTTCCT
P2-F11,CAGGACTCT
P2-G11,CGCCATTCT
P2-H11,CTCTGAGCT
P2-A12,AAGCAGTATT
P2-B12,ACGACGCAT
P2-C12,AGAGATGAAT
P2-D12,AGTTAACCAT
P2-E12,ATGGACTATT
P2-F12,CATACCGCT
P2-G12,CGCTAACCT
P2-H12,CTGACGTTT
P3-A01,CTTAGCGGT
P3-B01,GCTTCTGGT
P3-C01,GTTCGCTGT
P3-D01,TCGTAGCGT
P3-E01,TTCCGACGT
P3-F01,ACGAGGTTT
P3-G01,CAACGCAGT
P3-H01,CGACGATAT
P3-A02,GACCGAATT
P3-B02,GGATAGGTT
P3-C02,GTTGCTCCT
P3-D02,TCTCCGAAT
P3-E02,TTCTCTCGT
P3-F02,ACGCCATAT
P3-G02,CAATCGGTT
P3-H02,CGAGATGCT
P3-A03,GACTACCAT
P3-B03,GGCGACTAT
P3-C03,TAAGACCGT
P3-D03,TCTCTCCAT
P3-E03,TTCTGGCCT
P3-F03,ACGGCAATT
P3-G03,CAGAAGGCT
P3-H03,CGCCGTAAT
P3-A04,GACTCGCTT
P3-B04,GGCGCATTT
P3-C04,TAGCTCGGT
P3-D04,TGAACGCGT
P3-E04,TTGAGTCCT
P3-F04,AGCAACGAT
P3-G04,CATCGGACT
P3-H04,CGGTTCCAT
P3-A05,GACTGACGT
P3-B05,GGTACGGAT
P3-C05,TATCCAGGT
P3-D05,TGCCTTGGT
P3-E05,TTGCGGTCT
P3-F05,AGGCATCAT
P3-G05,CCAGAACCT
P3-H05,CGTCGAAGT
P3-A06,GAGCGGTAT
P3-B06,GGTAGTCCT
P3-C06,TCAGCGGTT
P3-D06,TGCGTAGTT
P3-E06,TTGGCGACT
P3-F06,AGTTGCGCT
P3-G06,CCATCAGGT
P3-H06,CTACGGCAT
P3-A07,GATTACGGT
P3-B07,GGTCCTTCT
P3-C07,TCAGTTGGT
P3-D07,TGCTCCTAT
P3-E07,AACCGCTGT
P3-F07,ATAGTCGCT
P3-G07,CCATTGCGT
P3-H07,CTAGTACGT
P3-A08,GCAACGTTT
P3-B08,GTACCTCTT
P3-C08,TCCGGTCAT
P3-D08,TGGACCTCT
P3-E08,AAGATGCCT
P3-F08,ATGCCAAGT
P3-G08,CCGAGAGAT
P3-H08,CTATCTCCT
P3-A09,GCGCTCAAT
P3-B09,GTAGCGATT
P3-C09,TCCGTATGT
P3-D09,TGGCCTGAT
P3-E09,AAGCGCCAT
P3-F09,ATGGAGAGT
P3-G09,CCGGAGTTT
P3-H09,CTCCAGAGT
P3-A10,GCGGAGAAT
P3-B10,GTCGGAGTT
P3-C10,TCCTACCTT
P3-D10,TGGTAGGCT
P3-E10,ACCAATGCT
P3-F10,ATGGCAGCT
P3-G10,CCGGATAGT
P3-H10,CTCCGGTTT
P3-A11,GCGTCGTAT
P3-B11,GTCGGCAAT
P3-C11,TCGCGCATT
P3-D11,TGGTCGAAT
P3-E11,ACCGTAGCT
P3-F11,ATGGCGTAT
P3-G11,CCGTCTCAT
P3-H11,CTCCTCGTT
P3-A12,GCTCGAGAT
P3-B12,GTTCCAGCT
P3-C12,TCGGTACCT
P3-D12,TGGTCTCCT
P3-E12,ACCTTCGGT
P3-F12,ATTGCCGGT
P3-G12,CCTCCTGAT
P3-H12,CTCTACTGT
P4-A01,CTGCTGAAT
P4-B01,GCAATCGCT
P4-C01,GGTCTACGT
P4-D01,TACTCCTATT
P4-E01,TATGCGATTT
P4-F01,TCCTCGAGT
P4-G01,TGAGTTAGAT
P4-H01,TTCGCATAAT
P4-A02,CTGGAAGAT
P4-B02,GCAGATACT
P4-C02,GGTTCGAGT
P4-D02,TAGAGAGTAT
P4-E02,TATGGTCTTT
P4-F02,TCGAATCTTT
P4-G02,TGATCTTCTT
P4-H02,TTCGCGGAT
P4-A03,CTTCATGCT
P4-B03,GCATCCAGT
P4-C03,GGTTGGCAT
P4-D03,TAGAGCCTT
P4-E03,TATTCGGCT
P4-F03,TCGCCAACT
P4-G03,TGCCTATTAT
P4-H03,TTCTAAGCTT
P4-A04,GAACGATGT
P4-B04,GCCATGGTT
P4-C04,GTAAGCTCT
P4-D04,TAGCCAATTT
P4-E04,TATTGACTCT
P4-F04,TCGTCTATTT
P4-G04,TGCTAATTCT
P4-H04,TTCTCTAGTT
P4-A05,GAACGGCTT
P4-B05,GCGGTATAT
P4-C05,GTAAGGAGT
P4-D05,TAGGTACTAT
P4-E05,TATTGAGGTT
P4-F05,TCGTTCTGT
P4-G05,TGCTACTAAT
P4-H05,TTCTTAACCT
P4-A06,GAAGAGGCT
P4-B06,GCTGAAGCT
P4-C06,GTAGACGGT
P4-D06,TAGTTACCTT
P4-E06,TCAGGAGAT
P4-F06,TCTACTTACT
P4-G06,TGGATCCGT
P4-H06,TTGAAGTCTT
P4-A07,GACCAGGAT
P4-B07,GCTGGCTAT
P4-C07,GTATCGCAT
P4-D07,TATAAGGCTT
P4-E07,TCATAGAGTT
P4-F07,TCTAGGAATT
P4-G07,TGGTAATAGT
P4-H07,TTGAGAGATT
P4-A08,GACCGTCAT
P4-B08,GGACTTGAT
P4-C08,GTCATCTGT
P4-D08,TATATGCGTT
P4-E08,TCATGGCTT
P4-F08,TCTATACCTT
P4-G08,TGTTAAGACT
P4-H08,TTGGAGTTAT
P4-A09,GACGTTCGT
P4-B09,GGAGCTCAT
P4-C09,GTCCTGCAT
P4-D09,TATCATGAGT
P4-E09,TCATTAAGCT
P4-F09,TCTCGCTCT
P4-G09,TTAATGAGCT
P4-H09,TTGGCAATAT
P4-A10,GACTTGGCT
P4-B10,GGAGGTTCT
P4-C10,GTTGCAAGT
P4-D10,TATCGAACTT
P4-E10,TCCAAGTTAT
P4-F10,TGAATTCGTT
P4-G10,TTATAGGCAT
P4-H10,TTGGCTCAT
P4-A11,GAGACTAGT
P4-B11,GGCAAGTCT
P4-C11,TAACTAAGGT
P4-D11,TATGACTTGT
P4-E11,TCCAATAGTT
P4-F11,TGACGAGGT
P4-G11,TTCAACTGAT
P4-H11,TTGGTTAAGT
P4-A12,GATCGACCT
P4-B12,GGCTTACTT
P4-C12,TACGGTAGT
P4-D12,TATGAGAACT
P4-E12,TCCTATTCTT
P4-F12,TGAGAATCAT
P4-G12,TTCCATTACT
P4-H12,TTTGCTTAGT
